County,State,White_Non_Hispanic,Black,Native_American,Asian,Pacific_Islander,Some_Other_Race,Mixed,Hispanic
Apache,Arizona,13791,184,46509,307,18,115,1236,3861
Cochise,Arizona,68256,4371,762,2587,421,725,5710,42615
Coconino,Arizona,76904,1777,35143,2582,254,616,6106,21719
Gila,Arizona,32757,239,8655,427,45,203,1663,9283
Graham,Arizona,20398,453,5143,169,16,102,824,11428
Greenlee,Arizona,4446,80,275,68,1,34,283,4376
La Paz,Arizona,9061,102,2354,111,41,43,648,4197
Maricopa,Arizona,2357571,245239,68353,197910,9579,20693,169808,1351415
Mohave,Arizona,160165,2063,4053,2600,365,690,9205,34126
Navajo,Arizona,44786,674,46572,548,68,232,2950,10887
Pima,Arizona,536868,36254,23670,29844,1937,4657,37415,372788
Pinal,Arizona,240006,20712,17156,6290,1081,1658,16828,121533
Santa Cruz,Arizona,7119,114,78,271,13,150,292,39632
Yavapai,Arizona,183296,1415,3319,2802,269,1071,9647,34390
Yuma,Arizona,61123,3484,1888,2321,215,622,4225,130003
Nevada,Arkansas,5145,2433,37,41,0,16,284,354
Nevada,California,82810,416,695,1371,119,617,5797,10416
Alachua,Florida,160463,51171,562,17891,101,1668,12998,33614
Baker,Florida,22185,3825,109,157,14,84,912,973
Bay,Florida,128348,17549,795,4068,194,720,9696,13846
Bradford,Florida,20320,5427,58,135,12,97,904,1350
Brevard,Florida,430936,56498,1569,15587,482,3389,30244,67907
Broward,Florida,644230,517618,2917,74040,696,21389,74782,608703
Calhoun,Florida,10490,1668,93,46,0,10,719,622
Charlotte,Florida,153700,8870,385,2566,63,782,6402,14079
Citrus,Florida,131477,3891,466,2412,43,517,5796,9241
Clay,Florida,148986,25621,680,6626,363,1064,11771,23134
Collier,Florida,235455,22554,551,5419,61,1502,7961,102249
Columbia,Florida,49096,11441,236,867,27,295,2673,5063
DeSoto,Florida,18624,4203,80,189,8,80,781,10011
Dixie,Florida,13750,1551,61,58,0,33,618,688
Duval,Florida,492039,286344,2306,48652,960,6837,45740,112689
Escambia,Florida,200962,68148,1998,9866,410,1771,17957,20793
Flagler,Florida,84291,10537,291,2450,59,704,4747,12299
Franklin,Florida,9798,1403,41,30,2,41,461,675
Gadsden,Florida,14093,23326,71,147,4,120,972,5093
Gilchrist,Florida,14827,788,62,56,2,45,736,1348
Glades,Florida,7132,1434,193,34,0,45,238,3050
Gulf,Florida,11222,1692,66,57,0,34,566,555
Hamilton,Florida,7633,4422,43,43,0,26,382,1455
Hardee,Florida,11873,2111,55,165,3,35,481,10604
Hendry,Florida,12089,4195,155,339,4,120,605,22112
Hernando,Florida,144060,9507,553,2566,86,868,7830,29045
Highlands,Florida,65511,9484,291,1602,49,307,3048,20943
Hillsborough,Florida,667791,224479,2817,69928,914,9655,56797,427381
Holmes,Florida,16766,1211,120,81,13,27,747,688
Indian River,Florida,117422,13079,273,2341,52,730,5059,20832
Jackson,Florida,30629,12042,196,292,18,144,1783,2215
Jefferson,Florida,8720,4600,36,34,3,54,405,658
Lafayette,Florida,6074,1024,16,10,1,18,145,938
Lake,Florida,253214,37883,1016,8362,317,2916,14873,65375
Lee,Florida,490476,55958,1228,12789,244,3974,22992,173161
Leon,Florida,157458,87503,631,10465,155,1261,11811,22914
Levy,Florida,32874,3597,122,292,11,170,1769,4080
Liberty,Florida,5729,1353,52,18,1,26,233,562
Madison,Florida,10132,6281,53,45,0,63,513,881
Manatee,Florida,273101,31147,779,8433,246,1583,13442,70979
Marion,Florida,253837,42795,986,5973,148,1747,14512,55910
Martin,Florida,119216,7277,218,2246,42,525,4720,24187
Miami-Dade,Florida,361517,378756,1589,41672,385,14667,46243,1856938
Monroe,Florida,54731,4517,169,1137,61,407,2420,19432
Nassau,Florida,75817,4945,222,863,52,293,3711,4449
Okaloosa,Florida,146271,18896,799,6578,448,1206,14892,22578
Okeechobee,Florida,24671,3318,263,332,14,146,1043,9857
Orange,Florida,531362,263624,2207,76870,1114,16015,65691,473025
Osceola,Florida,113362,35145,562,11370,240,4218,12670,211089
Palm Beach,Florida,779759,255724,1536,43356,494,10766,50623,349933
Pasco,Florida,392375,31601,1388,16408,308,2771,23883,93157
Pinellas,Florida,684463,91431,1942,33700,797,4835,39500,102439
Polk,Florida,392621,100950,1623,13181,300,3684,24992,187695
Putnam,Florida,50541,11274,280,469,37,248,2656,7816
St. Johns,Florida,214428,12940,544,9764,151,1225,11766,22607
St. Lucie,Florida,176533,64597,568,5678,141,2470,12919,66320
Santa Rosa,Florida,147518,10690,1112,3818,362,847,11763,11890
Sarasota,Florida,349700,16165,695,8407,168,1902,13733,43236
Seminole,Florida,264072,50276,765,25164,243,2975,20822,106539
Sumter,Florida,109213,8313,311,1238,31,320,2743,7583
Suwannee,Florida,31664,4920,167,270,16,143,1509,4785
Taylor,Florida,15629,4196,102,224,0,45,734,866
Union,Florida,11585,3197,42,35,0,62,462,764
Volusia,Florida,379527,55338,1262,10478,266,2692,21328,82652
Wakulla,Florida,25987,4202,154,198,19,126,1501,1577
Walton,Florida,60644,3294,415,907,38,307,3513,6187
Washington,Florida,19484,3236,222,132,28,87,1205,924
Appling,Georgia,12674,3339,33,123,1,32,417,1825
Atkinson,Georgia,4801,1208,30,12,4,16,167,2048
Bacon,Georgia,8103,1747,4,40,4,32,335,875
Baker,Georgia,1514,1128,1,18,0,2,70,143
Baldwin,Georgia,22432,18318,64,599,27,193,1027,1139
Banks,Georgia,15578,394,54,189,8,28,620,1164
Barrow,Georgia,55582,10141,130,3233,17,459,3383,10560
Bartow,Georgia,80159,11309,254,1169,40,466,4753,10751
Ben Hill,Georgia,9219,6222,57,116,0,48,478,1054
Berrien,Georgia,14396,1934,22,80,10,62,611,1045
Bibb,Georgia,56787,85234,281,3209,42,602,4454,6737
Bleckley,Georgia,8867,2788,11,153,8,30,257,469
Brantley,Georgia,16317,562,45,42,3,34,692,326
Brooks,Georgia,9066,5684,24,67,6,42,457,955
Bryan,Georgia,31321,6330,102,1032,53,184,2447,3269
Bulloch,Georgia,49712,22775,159,1283,62,249,2679,4180
Burke,Georgia,11941,10957,45,97,10,66,703,777
Butts,Georgia,16628,6808,39,102,9,164,881,803
Calhoun,Georgia,1766,3569,8,19,0,1,61,149
Camden,Georgia,37203,9497,185,845,66,325,2989,3658
Candler,Georgia,6567,2681,19,63,3,26,244,1378
Carroll,Georgia,80725,21781,271,1104,21,505,5155,9586
Catoosa,Georgia,59280,1808,181,1025,84,133,3020,2341
Charlton,Georgia,7532,2386,40,109,2,30,383,2036
Chatham,Georgia,139433,108011,619,10620,408,1447,10963,23790
Chattahoochee,Georgia,5403,1463,35,304,104,55,591,1610
Chattooga,Georgia,20079,2391,45,102,0,81,970,1297
Cherokee,Georgia,197867,17326,502,5429,100,1544,11741,32111
Clarke,Georgia,72201,31367,297,4920,66,980,4504,14336
Clay,Georgia,1143,1593,1,6,0,7,57,41
Clayton,Georgia,25902,205301,601,13491,119,1800,7835,42546
Clinch,Georgia,4256,1950,30,22,7,31,200,253
Cobb,Georgia,369182,200072,1289,42533,293,7382,34158,111240
Coffee,Georgia,24158,11872,62,299,14,69,1188,5430
Colquitt,Georgia,25588,9995,83,388,15,106,1014,8709
Columbia,Georgia,99111,27621,354,7102,271,897,8796,11858
Cook,Georgia,10658,4753,29,100,4,51,500,1134
Coweta,Georgia,99421,25544,298,3329,62,669,5782,11053
Crawford,Georgia,8866,2267,45,31,3,44,459,415
Crisp,Georgia,9892,8821,18,180,4,64,515,634
Dade,Georgia,14786,141,68,129,5,31,727,364
Dawson,Georgia,23544,200,63,235,14,94,1043,1605
Decatur,Georgia,14280,12200,64,183,16,64,649,1911
DeKalb,Georgia,215895,384438,1161,50076,202,4719,26420,81471
Dodge,Georgia,12865,5847,21,95,8,42,427,620
Dooly,Georgia,4611,5540,17,51,2,14,176,797
Dougherty,Georgia,20631,59720,128,647,20,234,1997,2413
Douglas,Georgia,49877,68763,335,2313,97,1072,5745,16035
Early,Georgia,4813,5534,31,47,0,11,232,186
Echols,Georgia,2328,147,37,8,0,2,84,1091
Effingham,Georgia,48204,8747,181,677,28,269,3171,3492
Elbert,Georgia,12610,5253,26,182,3,53,514,996
Emanuel,Georgia,13815,7246,33,141,2,40,498,993
Evans,Georgia,6038,3083,15,78,11,21,291,1237
Fannin,Georgia,23351,85,85,113,3,55,874,753
Fayette,Georgia,68144,29166,212,6362,44,848,4938,9480
Floyd,Georgia,67747,13940,191,1287,24,371,3558,11466
Forsyth,Georgia,159407,10455,456,45117,85,1255,9282,25226
Franklin,Georgia,19262,1888,34,261,3,79,776,1121
Fulton,Georgia,404793,448803,1558,80632,381,6444,37797,86302
Gilmer,Georgia,26365,127,62,131,0,82,987,3599
Glascock,Georgia,2573,196,0,7,2,0,54,52
Glynn,Georgia,52987,20469,175,1175,92,352,2913,6336
Gordon,Georgia,43317,2075,122,719,15,123,2216,8957
Grady,Georgia,14715,7285,89,110,6,86,672,3273
Greene,Georgia,11126,5783,28,174,2,58,455,1289
Gwinnett,Georgia,310583,257124,1532,126526,387,6489,33961,220460
Habersham,Georgia,34694,1722,83,990,35,109,1518,6880
Hall,Georgia,120418,14256,341,4198,85,708,6120,57010
Hancock,Georgia,2413,6025,23,37,1,10,163,63
Haralson,Georgia,26825,1253,56,186,9,87,1006,497
Harris,Georgia,25925,5170,101,388,21,138,1508,1417
Hart,Georgia,19250,4324,36,335,2,86,864,931
Heard,Georgia,9589,930,33,53,4,29,521,253
Henry,Georgia,86297,116431,427,7976,119,1650,9375,18437
Houston,Georgia,86211,51992,339,4905,124,703,7552,11807
Irwin,Georgia,6402,2224,15,119,1,24,218,663
Jackson,Georgia,59064,5136,127,1744,30,294,2800,6712
Jasper,Georgia,10771,2442,34,22,1,62,572,684
Jeff Davis,Georgia,9950,2293,26,50,7,33,373,2047
Jefferson,Georgia,6834,7970,21,70,0,25,327,462
Jenkins,Georgia,4611,3536,29,12,5,30,148,303
Johnson,Georgia,5800,3017,23,28,15,14,175,117
Jones,Georgia,20074,6739,46,138,7,73,794,476
Lamar,Georgia,12344,4888,13,102,4,48,626,475
Lanier,Georgia,6595,2138,31,81,14,33,413,572
Laurens,Georgia,27881,18219,80,507,14,141,1304,1424
Lee,Georgia,22758,7331,57,850,9,98,1107,953
Liberty,Georgia,24004,27309,225,1325,437,322,3848,7786
Lincoln,Georgia,5196,2116,18,20,3,10,235,92
Long,Georgia,8774,4028,62,164,88,91,982,1979
Lowndes,Georgia,59306,43946,312,1908,100,450,4357,7872
Lumpkin,Georgia,29241,412,151,257,21,118,1498,1790
McDuffie,Georgia,11417,8644,45,76,13,37,610,790
McIntosh,Georgia,7060,3176,32,43,0,35,398,231
Macon,Georgia,4078,7150,15,156,7,20,184,472
Madison,Georgia,23549,2753,44,521,4,106,1187,1956
Marion,Georgia,4486,2122,12,55,15,11,237,560
Meriwether,Georgia,12084,7273,64,78,6,50,583,475
Miller,Georgia,3949,1748,9,26,1,5,126,136
Mitchell,Georgia,10106,10054,37,108,0,41,445,964
Monroe,Georgia,19954,6084,34,239,0,86,846,714
Montgomery,Georgia,5665,2120,11,34,0,13,196,571
Morgan,Georgia,14487,4105,42,122,1,68,560,712
Murray,Georgia,32164,263,79,127,2,58,1366,5914
Muscogee,Georgia,79083,94701,488,5546,517,1076,8998,16513
Newton,Georgia,46746,52246,175,1044,114,734,4260,7164
Oconee,Georgia,33886,1897,31,2066,0,171,1401,2347
Oglethorpe,Georgia,10903,2248,40,134,5,53,573,869
Paulding,Georgia,108444,36609,394,1926,114,1068,7542,12564
Peach,Georgia,12119,12139,63,194,6,98,815,2547
Pickens,Georgia,30122,286,85,191,4,70,1260,1198
Pierce,Georgia,16403,1597,41,82,0,45,550,998
Pike,Georgia,16313,1445,28,77,0,62,616,348
Polk,Georgia,30161,5119,101,239,21,156,1471,5585
Pulaski,Georgia,6022,3161,8,92,3,48,194,327
Putnam,Georgia,14316,5385,33,108,1,40,607,1557
Quitman,Georgia,1190,917,13,12,0,9,63,31
Rabun,Georgia,14625,107,28,60,1,35,575,1452
Randolph,Georgia,2250,3862,9,21,3,23,114,143
Richmond,Georgia,68397,112947,511,3907,391,905,8100,11449
Rockdale,Georgia,24500,53785,168,1532,72,617,3356,9540
Schley,Georgia,3357,863,4,20,2,7,119,175
Screven,Georgia,8018,5285,39,61,3,31,343,287
Seminole,Georgia,5617,2961,6,61,0,25,249,228
Spalding,Georgia,37105,23148,154,640,23,247,2323,3666
Stephens,Georgia,21323,2936,73,225,9,76,1285,857
Stewart,Georgia,1338,2461,10,167,5,8,108,1217
Sumter,Georgia,11528,15051,40,503,4,55,665,1770
Talbot,Georgia,2427,3056,5,17,1,6,109,112
Taliaferro,Georgia,591,833,4,6,0,2,54,69
Tattnall,Georgia,13825,5961,36,127,6,46,538,2303
Taylor,Georgia,4584,2807,27,29,2,19,180,168
Telfair,Georgia,5970,4326,28,30,0,17,178,1928
Terrell,Georgia,3189,5540,11,57,1,11,199,177
Thomas,Georgia,25994,16259,150,406,9,124,1279,1577
Tift,Georgia,22189,12049,56,650,2,91,1088,5219
Toombs,Georgia,16007,6980,31,207,6,79,676,3044
Towns,Georgia,11469,124,28,81,3,35,338,415
Treutlen,Georgia,4065,1999,19,7,0,7,139,170
Troup,Georgia,38099,24157,127,1608,36,239,2204,2956
Turner,Georgia,4700,3644,7,49,0,25,209,372
Twiggs,Georgia,4487,3099,16,37,0,18,241,124
Union,Georgia,22646,126,74,100,0,63,807,816
Upson,Georgia,18009,7851,63,151,1,106,886,633
Walker,Georgia,59654,2840,149,293,25,204,2804,1685
Walton,Georgia,68499,17136,188,1409,44,552,3617,5228
Ware,Georgia,22275,10703,77,333,18,112,1121,1612
Warren,Georgia,1974,3047,18,15,1,10,97,53
Washington,Georgia,8412,10698,37,76,0,30,401,334
Wayne,Georgia,21301,5877,58,174,2,130,870,1732
Webster,Georgia,1136,1063,0,12,6,3,69,59
Wheeler,Georgia,4157,2875,9,17,0,6,135,272
White,Georgia,24959,467,105,159,0,116,1284,913
Whitfield,Georgia,57875,3553,182,1394,19,304,2621,36916
Wilcox,Georgia,5185,3096,3,49,3,9,149,272
Wilkes,Georgia,4952,3838,22,59,0,18,277,399
Wilkinson,Georgia,5110,3163,30,22,3,13,297,239
Worth,Georgia,14427,5255,49,87,8,53,524,381
Ohio,Indiana,5629,16,4,29,0,16,167,79
Ohio,Kentucky,21872,155,26,45,2,54,625,993
Alcona,Michigan,9593,23,57,14,1,27,330,122
Alger,Michigan,7323,585,327,22,1,25,444,115
Allegan,Michigan,103088,1446,561,839,20,433,4726,9389
Alpena,Michigan,27006,99,120,112,12,67,1074,417
Antrim,Michigan,21743,39,192,70,18,55,855,459
Arenac,Michigan,13919,35,126,38,1,25,588,270
Baraga,Michigan,5753,598,1083,15,3,22,582,102
Barry,Michigan,56779,295,221,245,15,198,2528,2142
Bay,Michigan,90811,1598,359,538,0,257,4363,5930
Benzie,Michigan,16597,56,164,71,0,65,626,391
Berrien,Michigan,111603,21199,740,3159,109,668,7628,9210
Branch,Michigan,39025,1124,132,266,10,135,1587,2583
Calhoun,Michigan,100385,14275,683,3715,29,553,7244,7426
Cass,Michigan,43309,2272,521,316,11,218,2781,2161
Charlevoix,Michigan,23881,74,367,122,10,114,1061,425
Cheboygan,Michigan,22872,89,687,85,1,65,1439,341
Chippewa,Michigan,24544,2611,5601,193,12,87,2980,757
Clare,Michigan,28628,140,181,72,0,88,1126,621
Clinton,Michigan,67915,1640,234,1870,23,241,3265,3940
Crawford,Michigan,12026,57,83,55,4,29,442,292
Delta,Michigan,33441,93,818,153,8,82,1765,543
Dickinson,Michigan,24198,61,117,147,4,43,937,440
Eaton,Michigan,87200,7463,307,2444,13,346,4875,6527
Emmet,Michigan,30359,159,1074,173,22,97,1636,592
Genesee,Michigan,283483,79080,1391,4041,116,1390,20451,16259
Gladwin,Michigan,23830,68,95,72,0,45,794,482
Gogebic,Michigan,12981,65,512,35,3,36,526,222
Grand Traverse,Michigan,85543,583,878,813,41,289,4081,3010
Gratiot,Michigan,34812,2195,156,161,28,96,1160,3153
Hillsdale,Michigan,42145,196,143,176,6,137,1771,1172
Houghton,Michigan,33854,280,159,855,21,151,1372,669
Huron,Michigan,29508,77,77,150,5,42,708,840
Ingham,Michigan,191551,34446,953,16424,110,1451,15543,24422
Ionia,Michigan,57617,3210,246,229,5,121,2012,3364
Iosco,Michigan,23244,164,124,153,3,56,883,610
Iron,Michigan,10823,24,93,41,0,34,410,206
Isabella,Michigan,52970,2076,2025,1116,17,182,3002,3006
Jackson,Michigan,131097,12385,515,1475,30,473,8207,6184
Kalamazoo,Michigan,193428,29686,819,6983,57,1367,14554,14776
Kalkaska,Michigan,16523,40,139,60,0,59,763,355
Kent,Michigan,465491,62359,1818,21799,175,2331,28773,75228
Keweenaw,Michigan,1948,4,1,0,0,5,61,27
Lake,Michigan,9360,795,65,45,8,24,604,1195
Lapeer,Michigan,78871,966,277,396,8,250,3607,4244
Leelanau,Michigan,19781,64,577,106,4,58,794,917
Lenawee,Michigan,83126,2437,342,476,8,299,4241,8494
Livingston,Michigan,176756,1117,512,1626,113,567,7672,5503
Luce,Michigan,4514,12,365,2,0,10,362,74
Mackinac,Michigan,8015,56,1682,28,0,34,852,167
Macomb,Michigan,665241,108532,1766,38244,193,2939,38088,26214
Manistee,Michigan,21836,606,487,79,2,57,1135,830
Marquette,Michigan,59038,790,1011,400,17,178,3239,1344
Mason,Michigan,25944,167,219,154,8,81,1189,1290
Mecosta,Michigan,35521,772,190,312,14,118,1761,1026
Menominee,Michigan,21325,98,727,94,5,33,734,486
Midland,Michigan,73825,942,293,1710,83,320,3662,2659
Missaukee,Michigan,13940,33,48,43,1,23,465,499
Monroe,Michigan,135369,4036,414,952,24,490,7293,6231
Montcalm,Michigan,58880,2118,212,225,23,136,2323,2697
Montmorency,Michigan,8551,12,68,24,0,34,339,125
Muskegon,Michigan,130141,23622,1106,1073,31,537,9031,10283
Newaygo,Michigan,43915,424,256,189,14,126,2085,2969
Oakland,Michigan,879137,168797,2236,105665,304,5230,52188,60838
Oceana,Michigan,21191,123,195,69,4,79,890,4108
Ogemaw,Michigan,19268,59,108,57,8,58,775,437
Ontonagon,Michigan,5434,8,60,20,2,10,214,68
Osceola,Michigan,21188,155,142,34,6,61,905,400
Oscoda,Michigan,7684,8,34,5,0,11,323,154
Otsego,Michigan,23156,100,151,91,0,60,1087,446
Ottawa,Michigan,241520,5071,726,7895,95,851,10660,29382
Presque Isle,Michigan,12282,28,67,52,0,26,373,154
Roscommon,Michigan,21883,60,94,76,10,47,855,434
Saginaw,Michigan,128722,33548,462,2373,85,769,7261,16904
St. Clair,Michigan,142396,3773,561,809,13,443,6883,5505
St. Joseph,Michigan,50674,1341,151,414,9,174,2749,5427
Sanilac,Michigan,37209,151,112,84,2,98,1281,1674
Schoolcraft,Michigan,6727,10,699,15,1,5,494,96
Shiawassee,Michigan,62239,319,223,288,19,188,2794,2024
Tuscola,Michigan,48611,402,174,155,12,132,2029,1808
Van Buren,Michigan,59400,2348,552,384,27,285,3625,8966
Washtenaw,Michigan,252220,42125,715,33517,183,2051,20716,20731
Wayne,Michigan,857132,669277,4265,64604,322,7974,72338,117649
Wexford,Michigan,30783,187,163,186,1,112,1451,790
Churchill,Nevada,17870,428,1006,640,87,143,1756,3586
Clark,Nevada,892802,275002,8487,231972,18877,12890,124015,701416
Douglas,Nevada,38856,183,807,898,81,240,2282,6141
Elko,Nevada,34177,494,2378,555,85,247,2174,13592
Esmeralda,Nevada,521,4,20,4,0,0,41,139
Eureka,Nevada,1545,2,21,4,3,11,91,178
Humboldt,Nevada,11032,137,571,152,26,199,657,4511
Lander,Nevada,3975,7,206,27,10,19,234,1256
Lincoln,Nevada,3838,168,26,21,13,9,130,294
Lyon,Nevada,42350,488,1083,924,168,252,3631,10339
Mineral,Nevada,2858,161,711,64,8,16,228,508
Nye,Nevada,37313,1496,620,1028,217,291,2699,7927
Pershing,Nevada,4197,322,198,109,8,21,296,1499
Storey,Nevada,3338,24,38,67,8,34,255,340
Washoe,Nevada,287862,11527,5790,28063,3250,2485,25311,122204
White Pine,Nevada,6354,438,358,105,19,22,327,1457
Carson City,Nevada,37064,1079,1072,1358,110,292,2794,14870
Belknap,New Hampshire,58714,324,122,582,11,188,2503,1261
Carroll,New Hampshire,46947,131,100,358,6,206,1590,769
Cheshire,New Hampshire,69264,648,146,1067,46,305,3180,1802
Coos,New Hampshire,28629,494,84,193,3,71,1122,672
Grafton,New Hampshire,80370,783,180,2855,24,368,3959,2579
Hillsborough,New Hampshire,342652,10044,630,16413,112,2383,17205,33498
Merrimack,New Hampshire,137252,2536,310,3013,59,575,6183,3880
Rockingham,New Hampshire,283099,2076,342,6247,79,1236,10840,10257
Strafford,New Hampshire,114599,1434,251,4473,42,403,5773,3914
Sullivan,New Hampshire,39123,185,134,403,6,181,2209,822
Adams,Ohio,26185,84,74,39,1,33,844,217
Allen,Ohio,79691,12475,233,835,42,541,5117,3272
Ashland,Ohio,48948,383,82,322,33,103,1714,862
Ashtabula,Ohio,84064,3492,154,338,12,260,4765,4489
Athens,Ohio,54086,2768,223,1210,1,256,2437,1450
Auglaize,Ohio,43643,231,76,242,40,71,1338,781
Belmont,Ohio,60536,2071,83,265,11,130,2577,824
Brown,Ohio,41053,302,68,84,2,111,1569,487
Butler,Ohio,294712,34144,610,15658,480,1546,17942,25265
Carroll,Ohio,25204,122,73,52,3,56,912,299
Champaign,Ohio,35314,683,79,125,7,139,1719,648
Clark,Ohio,109794,12074,314,898,91,538,6979,5313
Clermont,Ohio,187749,3245,345,2529,58,611,9108,4956
Clinton,Ohio,38247,819,96,205,6,165,1715,765
Columbiana,Ohio,93466,2082,161,345,16,217,3838,1752
Coshocton,Ohio,34582,389,57,98,7,47,1031,401
Crawford,Ohio,39388,305,40,131,12,70,1441,638
Cuyahoga,Ohio,718753,365169,1827,43739,249,5745,46008,83327
Darke,Ohio,48994,302,92,181,26,122,1305,859
Defiance,Ohio,32276,598,79,133,15,88,1147,3950
Delaware,Ohio,171420,7702,242,18158,60,823,8707,7012
Erie,Ohio,61061,6655,121,474,10,232,3939,3130
Fairfield,Ohio,130664,13302,287,3063,31,515,7038,4021
Fayette,Ohio,26260,521,43,171,11,88,1176,681
Franklin,Ohio,787615,296076,2160,73714,444,7212,65404,91182
Fulton,Ohio,36968,225,60,152,6,120,1391,3791
Gallia,Ohio,26955,597,55,148,5,79,1119,262
Geauga,Ohio,88958,1075,36,666,8,220,2770,1664
Greene,Ohio,135603,11285,330,5516,87,876,9053,5216
Guernsey,Ohio,35717,520,87,149,7,65,1449,444
Hamilton,Ohio,519734,207764,1173,25160,618,3959,35981,36250
Hancock,Ohio,65107,1363,79,1393,26,220,2534,4198
Hardin,Ohio,28389,256,48,169,8,69,1060,697
Harrison,Ohio,13425,234,14,40,6,18,616,130
Henry,Ohio,24463,155,49,125,4,43,636,2187
Highland,Ohio,40492,518,109,110,8,96,1560,424
Hocking,Ohio,26502,139,45,71,0,53,1008,232
Holmes,Ohio,42875,119,33,64,5,41,612,474
Huron,Ohio,51242,562,139,216,12,106,2204,4084
Jackson,Ohio,30835,158,88,101,1,50,1114,306
Jefferson,Ohio,56545,3619,109,338,29,244,3206,1159
Knox,Ohio,58058,565,118,365,17,237,2165,1196
Lake,Ohio,197069,10778,236,3255,38,604,9261,11362
Lawrence,Ohio,54016,1100,134,219,7,135,2011,618
Licking,Ohio,152935,7142,386,4999,45,787,8237,3988
Logan,Ohio,41749,673,83,327,11,181,2122,1004
Lorain,Ohio,237520,22980,502,3569,50,1020,14406,32917
Lucas,Ohio,284663,83398,817,7089,115,1926,21104,32167
Madison,Ohio,37761,2664,59,253,4,176,1644,1263
Mahoning,Ohio,169090,33770,332,1952,59,708,8610,14093
Marion,Ohio,56114,4051,140,358,15,167,2558,1956
Medina,Ohio,165643,2292,192,2184,28,589,6950,4592
Meigs,Ohio,21180,148,49,22,0,43,596,172
Mercer,Ohio,39752,191,63,189,564,78,763,928
Miami,Ohio,96964,2559,152,1644,21,483,4752,2199
Monroe,Ohio,12909,19,12,21,3,19,335,67
Montgomery,Ohio,360396,112818,937,12714,244,2588,26433,21179
Morgan,Ohio,12525,396,20,24,2,49,659,127
Morrow,Ohio,32773,153,56,90,8,93,1197,580
Muskingum,Ohio,76947,2985,138,384,8,378,4515,1055
Noble,Ohio,12840,752,31,22,0,11,286,173
Ottawa,Ohio,36436,335,47,157,6,92,1232,2059
Paulding,Ohio,16972,139,41,30,5,61,548,1010
Perry,Ohio,33595,90,94,67,0,85,1225,252
Pickaway,Ohio,52416,2143,131,296,11,153,2486,903
Pike,Ohio,25470,190,110,70,6,44,979,219
Portage,Ohio,138774,7934,233,3400,38,558,7349,3505
Preble,Ohio,38700,182,84,162,4,98,1383,386
Putnam,Ohio,31427,100,25,61,3,61,545,2229
Richland,Ohio,104231,11216,192,791,58,473,5360,2615
Ross,Ohio,67705,4005,189,369,20,196,3578,1031
Sandusky,Ohio,48219,1762,75,202,7,159,2417,6055
Scioto,Ohio,67531,2038,254,274,9,210,2640,1052
Seneca,Ohio,48213,1314,66,359,36,158,2024,2899
Shelby,Ohio,44067,839,81,450,29,188,1789,787
Stark,Ohio,310535,28723,721,3175,97,1651,19435,10516
Summit,Ohio,397536,78922,777,22506,149,2096,25236,13206
Trumbull,Ohio,169627,16940,249,1099,26,609,9248,4179
Tuscarawas,Ohio,84979,697,117,306,29,169,3004,3962
Union,Ohio,53287,1275,93,4043,0,201,2351,1534
Van Wert,Ohio,26467,257,37,88,13,79,893,1097
Vinton,Ohio,12213,43,19,22,0,14,405,84
Warren,Ohio,198227,8175,288,17278,158,704,9769,7738
Washington,Ohio,55663,600,114,309,8,158,2202,717
Wayne,Ohio,106930,1755,142,950,32,283,4047,2755
Williams,Ohio,33483,323,55,198,0,92,1089,1862
Wood,Ohio,112493,3089,164,2750,9,330,5133,8280
Wyandot,Ohio,20520,77,21,85,3,45,508,641
Adams,Pennsylvania,89945,1473,147,952,33,333,3179,7790
Allegheny,Pennsylvania,938252,161554,1305,58318,304,6064,50456,34325
Armstrong,Pennsylvania,62320,438,57,147,14,120,1972,490
Beaver,Pennsylvania,143881,11069,195,1022,53,613,7771,3611
Bedford,Pennsylvania,45381,181,66,153,0,50,1227,519
Berks,Pennsylvania,291258,18087,450,6225,61,1551,11667,99550
Blair,Pennsylvania,113016,2463,134,868,12,367,4254,1708
Bradford,Pennsylvania,55717,394,117,460,13,133,2260,873
Bucks,Pennsylvania,521575,25277,531,35053,143,2512,21677,39770
Butler,Pennsylvania,178081,2174,154,2792,36,577,6284,3665
Cambria,Pennsylvania,119380,5665,96,764,35,320,4747,2465
Cameron,Pennsylvania,4271,12,8,29,0,12,129,86
Carbon,Pennsylvania,57439,1070,95,327,14,216,1946,3642
Centre,Pennsylvania,129668,5306,120,11373,39,596,5419,5651
Chester,Pennsylvania,405476,28391,532,35143,119,2249,18961,43542
Clarion,Pennsylvania,35023,521,39,175,15,111,970,387
Clearfield,Pennsylvania,73338,1760,78,450,0,146,2153,2637
Clinton,Pennsylvania,34933,416,51,211,7,70,1100,662
Columbia,Pennsylvania,58831,867,71,748,17,159,1894,2140
Crawford,Pennsylvania,77347,1496,109,365,26,229,3125,1241
Cumberland,Pennsylvania,211990,10581,318,13836,113,1074,9582,11975
Dauphin,Pennsylvania,175175,48404,396,17183,88,1465,12439,31251
Delaware,Pennsylvania,363249,127055,676,36317,133,2596,20032,26772
Elk,Pennsylvania,29466,74,16,113,12,46,969,294
Erie,Pennsylvania,219180,19821,343,6358,58,1046,12040,12030
Fayette,Pennsylvania,115322,5703,166,376,160,313,5186,1578
Forest,Pennsylvania,5278,1235,8,17,0,4,108,323
Franklin,Pennsylvania,132566,4998,242,1408,40,501,5413,10764
Fulton,Pennsylvania,13726,124,25,41,3,17,474,146
Greene,Pennsylvania,32898,1062,69,120,6,63,1226,510
Huntingdon,Pennsylvania,39420,2267,49,210,9,100,1185,852
Indiana,Pennsylvania,75718,2409,116,816,7,148,2556,1476
Jefferson,Pennsylvania,42317,125,45,100,8,92,1408,397
Juniata,Pennsylvania,21830,115,19,69,4,48,516,908
Lackawanna,Pennsylvania,175246,7415,276,6762,28,828,7074,18267
Lancaster,Pennsylvania,440613,19536,522,13939,110,1922,15171,61171
Lawrence,Pennsylvania,75811,3546,75,321,4,251,4407,1655
Lebanon,Pennsylvania,114004,2555,119,2192,39,460,3540,20348
Lehigh,Pennsylvania,227994,22950,337,13725,91,1779,10700,96981
Luzerne,Pennsylvania,250304,14031,295,3960,65,985,9056,46898
Lycoming,Pennsylvania,99687,5672,191,923,27,383,4931,2374
McKean,Pennsylvania,36991,849,102,193,2,82,1571,642
Mercer,Pennsylvania,96998,6289,116,683,14,342,4601,1609
Mifflin,Pennsylvania,43343,350,51,160,0,78,1182,979
Monroe,Pennsylvania,104716,22823,289,3947,56,1407,6531,28558
Montgomery,Pennsylvania,618244,79510,763,67761,168,3863,31732,54512
Montour,Pennsylvania,16105,320,27,668,0,22,507,487
Northampton,Pennsylvania,228373,17429,251,9892,75,1647,10687,44597
Northumberland,Pennsylvania,81689,2392,110,444,24,199,2638,4151
Perry,Pennsylvania,42838,289,50,139,3,139,1472,912
Philadelphia,Pennsylvania,550828,613835,2596,132408,579,11419,53855,238277
Pike,Pennsylvania,45375,3027,121,841,14,234,2204,6719
Potter,Pennsylvania,15494,43,25,69,0,52,466,247
Schuylkill,Pennsylvania,126192,4115,155,748,13,287,3475,8064
Snyder,Pennsylvania,36992,504,32,296,11,58,866,977
Somerset,Pennsylvania,69044,1863,50,194,7,126,1808,1037
Sullivan,Pennsylvania,5406,77,9,17,0,29,197,105
Susquehanna,Pennsylvania,35799,138,59,135,0,98,1358,847
Tioga,Pennsylvania,38257,321,73,189,7,99,1459,640
Union,Pennsylvania,36050,2459,82,814,8,112,1156,2000
Venango,Pennsylvania,47117,434,68,172,10,96,1980,577
Warren,Pennsylvania,36310,144,71,154,5,57,1431,415
Washington,Pennsylvania,186900,6861,230,1998,63,620,8656,4021
Wayne,Pennsylvania,44821,1647,73,418,0,165,1684,2347
Westmoreland,Pennsylvania,323114,8985,295,3301,36,953,12749,5230
Wyoming,Pennsylvania,24142,214,32,115,3,40,942,581
York,Pennsylvania,365353,25768,640,6557,118,1768,16874,39360
Ohio,West Virginia,37559,1656,67,387,20,134,1955,647
Adams,Wisconsin,18372,593,165,84,8,60,575,797
Ashland,Wisconsin,12678,112,1999,82,9,22,742,383
Barron,Wisconsin,42210,813,436,345,5,99,1526,1277
Bayfield,Wisconsin,13445,54,1612,36,2,56,736,279
Brown,Wisconsin,208440,8154,6329,8445,114,637,10405,26216
Buffalo,Wisconsin,12577,43,31,19,12,8,300,327
Burnett,Wisconsin,14658,65,697,53,10,32,757,254
Calumet,Wisconsin,46056,419,189,1269,42,124,1486,2857
Chippewa,Wisconsin,60391,1040,323,959,14,153,2160,1257
Clark,Wisconsin,31566,103,117,106,4,72,593,2098
Columbia,Wisconsin,53037,866,270,376,11,122,1669,2139
Crawford,Wisconsin,15018,265,41,68,1,34,426,260
Dane,Wisconsin,426721,29742,1275,35592,214,2103,23903,41954
Dodge,Wisconsin,77845,2701,371,511,11,204,2263,5490
Door,Wisconsin,27524,140,122,136,0,76,930,1138
Douglas,Wisconsin,39417,576,763,286,18,139,2328,768
Dunn,Wisconsin,40912,388,157,1451,13,88,1396,1035
Eau Claire,Wisconsin,92354,1213,440,4365,83,251,3886,3118
Florence,Wisconsin,4296,9,30,5,4,11,137,66
Fond du Lac,Wisconsin,90150,2321,355,1241,31,214,3125,6717
Forest,Wisconsin,7371,32,1187,17,7,3,407,155
Grant,Wisconsin,48325,679,95,411,8,58,1126,1236
Green,Wisconsin,33960,201,49,170,3,76,1134,1500
Green Lake,Wisconsin,17255,106,49,101,0,39,489,979
Iowa,Wisconsin,22203,114,26,178,12,50,671,455
Iron,Wisconsin,5809,11,63,13,0,27,142,72
Jackson,Wisconsin,17939,440,1319,73,0,45,651,678
Jefferson,Wisconsin,73325,864,206,646,19,202,2570,7068
Juneau,Wisconsin,24008,548,355,147,1,52,880,727
Kenosha,Wisconsin,121936,11480,371,2793,67,528,7430,24546
Kewaunee,Wisconsin,18992,57,55,64,2,41,518,834
La Crosse,Wisconsin,105307,1927,440,5599,16,385,4059,3051
Lafayette,Wisconsin,15081,27,20,36,4,19,335,1089
Langlade,Wisconsin,17960,105,235,67,4,36,625,459
Lincoln,Wisconsin,26734,148,108,117,2,35,742,529
Manitowoc,Wisconsin,70951,1027,371,2247,15,212,2486,4050
Marathon,Wisconsin,118783,1141,546,8431,29,340,4290,4453
Marinette,Wisconsin,38754,192,203,180,8,96,1360,1079
Marquette,Wisconsin,14477,44,60,51,5,45,422,488
Menominee,Wisconsin,483,2,3549,2,2,0,81,136
Milwaukee,Wisconsin,456520,240416,3878,45989,262,4227,35180,153017
Monroe,Wisconsin,40608,620,493,352,63,111,1467,2560
Oconto,Wisconsin,36170,91,463,110,0,66,1217,848
Oneida,Wisconsin,35264,205,441,195,18,117,1030,575
Outagamie,Wisconsin,161879,2929,2743,6588,112,415,6616,9423
Ozaukee,Wisconsin,81410,1483,167,2283,14,343,2705,3098
Pepin,Wisconsin,6866,20,33,22,0,7,213,157
Pierce,Wisconsin,38535,402,209,289,10,139,1408,1220
Polk,Wisconsin,41772,159,370,205,7,130,1387,947
Portage,Wisconsin,62212,903,242,2252,16,142,1990,2620
Price,Wisconsin,13157,31,83,67,124,38,374,180
Racine,Wisconsin,135333,22531,538,2261,47,792,8314,27911
Richland,Wisconsin,16014,92,42,95,0,24,511,526
Rock,Wisconsin,129796,8060,386,2022,50,523,7050,15800
Rusk,Wisconsin,13287,44,58,53,5,36,455,250
St. Croix,Wisconsin,85457,635,233,984,33,309,3206,2679
Sauk,Wisconsin,57868,578,764,394,15,148,1946,4050
Sawyer,Wisconsin,13817,96,2861,63,2,54,823,358
Shawano,Wisconsin,34404,117,3309,165,6,59,1645,1176
Sheboygan,Wisconsin,95837,2434,362,6875,21,360,3483,8662
Taylor,Wisconsin,18713,64,39,62,5,14,449,567
Trempealeau,Wisconsin,25830,81,82,109,0,52,649,3957
Vernon,Wisconsin,29179,121,41,89,9,96,715,464
Vilas,Wisconsin,19569,49,2181,57,0,61,671,459
Walworth,Wisconsin,88104,1166,229,1002,10,268,3149,12550
Washburn,Wisconsin,15348,30,182,59,4,36,665,299
Washington,Wisconsin,123855,1672,272,1943,28,407,3757,4827
Waukesha,Wisconsin,347922,6648,807,15616,121,1138,12891,21835
Waupaca,Wisconsin,47784,202,242,254,4,105,1357,1864
Waushara,Wisconsin,21552,389,121,98,14,50,603,1693
Winnebago,Wisconsin,145581,4931,935,5560,53,362,5980,8328
Wood,Wisconsin,67055,547,549,1382,29,190,2079,2376
